/*
Portal Master
By Rochet2
Downloaded from http://projectcode.zzl.org/
Bugs and contact with E-mail: Rochet2@post.com
Translated to Russian by ixnfo.com
*/

-- modified for TrinityCore Darth

SET @entry:=190000;
SET @menuid:=62000;
SET @textid:=300000;

 
-- DELETE FROM creature_template WHERE entry = '190000';
 
INSERT INTO creature_template (`entry`, `modelid1`, `name`, `subname`, `IconName`, `gossip_menu_id`, `minlevel`, `maxlevel`, `HealthModifier`, `ManaModifier`, `ArmorModifier`, `faction`, `npcflag`, `speed_walk`, `speed_run`, `scale`, `rank`, `DamageModifier`, `unit_class`, `unit_flags`, `type`, `type_flags`, `MovementType`, `RegenHealth`, `flags_extra`, `AiName`) VALUES
(@entry, '26917', "Мастер телепортации", "", 'Directions', @menuid, 71, 71, 1.56, 1.56, 1.56, 35, 3, 1, 1.14286, 1.25, 1, 1, 1, 2, 7, 138936390, 0, 1, 2, 'SmartAI');
 
-- DELETE FROM creature_template_addon WHERE Entry = @entry ;
 
INSERT INTO creature_template_addon (`entry`, `mount`, `bytes1`, `bytes2`, `emote`, `path_id`, `auras`) VALUES
(@entry, 0, 0, 0, 0, 0, '35766');
--  
-- DELETE FROM gossip_menu WHERE `MenuID`>@menuid-1 AND `MenuID`<@menuid+9;
-- DELETE FROM npc_text WHERE `ID`>@textid-1 AND `ID`<@textid+5;
 
INSERT INTO gossip_menu (`MenuID`, `TextID`) VALUES
(@menuid+4, @textid+3),
(@menuid+3, @textid+2),
(@menuid+2, @textid+2),
(@menuid+1, @textid+2),
(@menuid+8, @textid+4),
(@menuid+7, @textid+4),
(@menuid+6, @textid+4),
(@menuid+5, @textid+4),
(@menuid, @textid+1),
(@menuid, @textid);
 
INSERT INTO npc_text (`ID`, `text0_0`, `Emote0_1`) VALUES
(@textid+4, '$BКуда бы вы хотели перенестись?$B', 0),
(@textid+3, '$BБудьте осторожны в выборе подземелья.$B', 0),
(@textid+2, '$BВ какое подземелье хотите попасть?$B', 0),
(@textid+1, '$B Для Альянса!$B', 6),
(@textid, '$B Для Орды!$B', 6);
 
-- DELETE FROM gossip_menu_option WHERE `menuid` > @menuid-1 AND `menuid` < @menuid+9;
-- DELETE FROM smart_scripts WHERE `entryorguid` = @entry;
-- DELETE FROM conditions WHERE (`SourceTypeOrReferenceId` = 15 OR `SourceTypeOrReferenceId`=14) AND (`SourceGroup` > @menuid-1 AND `SourceGroup` < @menuid+9);
 
INSERT INTO conditions (`SourceTypeOrReferenceId`, `SourceGroup`, `SourceEntry`, `ConditionTypeOrReference`, `ConditionValue1`, `Comment`) VALUES
(15, @menuid, 1, 6, 469, 'Stormwind'),
(15, @menuid+5, 2, 6, 469, 'Dun Morogh'),
(15, @menuid+5, 3, 6, 67, 'Tirisfal Glades'),
(15, @menuid+5, 4, 6, 67, 'Ghostlands'),
(15, @menuid+5, 5, 6, 469, 'Loch modan'),
(15, @menuid+5, 6, 6, 67, 'Silverpine Forest'),
(15, @menuid+5, 7, 6, 469, 'Westfall'),
(15, @menuid+5, 8, 6, 469, 'Redridge mountains'),
(15, @menuid+5, 9, 6, 469, 'Duskwood'),
(15, @menuid+5, 11, 6, 469, 'Wetlands'),
(15, @menuid+6, 0, 6, 469, 'Azuremyst Isle'),
(15, @menuid+6, 1, 6, 469, 'Teldrassil'),
(15, @menuid+6, 2, 6, 67, 'Durotar'),
(15, @menuid+6, 3, 6, 67, 'Mulgore'),
(15, @menuid+6, 4, 6, 469, 'Bloodmyst Isle'),
(15, @menuid+6, 5, 6, 469, 'Darkshore'),
(15, @menuid+6, 6, 6, 67, 'The Barrens'),
(15, @menuid+5, 1, 6, 67, 'Eversong Woods'),
(15, @menuid+5, 0, 6, 469, 'Elwynn Forest'),
(15, @menuid+4, 22, 6, 67, 'Zul\'Aman'),
(15, @menuid, 2, 6, 67, 'Orgrimmar'),
(15, @menuid, 3, 6, 469, 'Darnassus'),
(15, @menuid, 4, 6, 469, 'Ironforge'),
(15, @menuid, 5, 6, 469, 'Exodar'),
(15, @menuid, 6, 6, 67, 'Thunder bluff'),
(15, @menuid, 7, 6, 67, 'Undercity'),
(15, @menuid, 8, 6, 67, 'Silvermoon city'),
(15, @menuid+1, 0, 6, 469, 'Gnomeregan'),
(15, @menuid+1, 1, 6, 469, 'The Deadmines'),
(15, @menuid+1, 2, 6, 469, 'The Stockade'),
(15, @menuid+1, 3, 6, 67, 'Ragefire Chasm'),
(15, @menuid+1, 4, 6, 67, 'Razorfen Downs'),
(15, @menuid+1, 5, 6, 67, 'Razorfen Kraul'),
(15, @menuid+1, 6, 6, 67, 'Scarlet Monastery'),
(15, @menuid+1, 7, 6, 67, 'Shadowfang Keep'),
(15, @menuid+1, 8, 6, 67, 'Wailing Caverns'),
(15, @menuid+6, 9, 6, 67, 'Thousand Needles'),
(14,@menuid, @textid+1, 6, 469, 'For the Alliance'),
(14, @menuid, @textid, 6, 67, 'For the Horde');
 
INSERT INTO conditions (`SourceTypeOrReferenceId`,`SourceGroup`,`SourceEntry`,`ConditionTypeOrReference`,`ConditionValue1`,`ConditionValue2`,`ConditionValue3`,`Comment`) VALUES
(15, @menuid+8, 9, 27, 77, 3, 0, 'Portal Master - Level req'),
(15, @menuid+8, 8, 27, 77, 3, 0, 'Portal Master - Level req'),
(15, @menuid+8, 7, 27, 77, 3, 0, 'Portal Master - Level req'),
(15, @menuid+8, 6, 27, 77, 3, 0, 'Portal Master - Level req'),
(15, @menuid+8, 5, 27, 76, 3, 0, 'Portal Master - Level req'),
(15, @menuid+8, 4, 27, 74, 3, 0, 'Portal Master - Level req'),
(15, @menuid+8, 3, 27, 73, 3, 0, 'Portal Master - Level req'),
(15, @menuid+8, 2, 27, 71, 3, 0, 'Portal Master - Level req'),
(15, @menuid+8, 1, 27, 68, 3, 0, 'Portal Master - Level req'),
(15, @menuid+8, 0, 27, 68, 3, 0, 'Portal Master - Level req'),
(15, @menuid+7, 6, 27, 67, 3, 0, 'Portal Master - Level req'),
(15, @menuid+7, 5, 27, 67, 3, 0, 'Portal Master - Level req'),
(15, @menuid+7, 4, 27, 65, 3, 0, 'Portal Master - Level req'),
(15, @menuid+7, 3, 27, 64, 3, 0, 'Portal Master - Level req'),
(15, @menuid+7, 2, 27, 62, 3, 0, 'Portal Master - Level req'),
(15, @menuid+7, 1, 27, 60, 3, 0, 'Portal Master - Level req'),
(15, @menuid+7, 0, 27, 58, 3, 0, 'Portal Master - Level req'),
(15, @menuid+6, 18, 27, 55, 3, 0, 'Portal Master - Level req'),
(15, @menuid+6, 17, 27, 55, 3, 0, 'Portal Master - Level req'),
(15, @menuid+6, 16, 27, 48, 3, 0, 'Portal Master - Level req'),
(15, @menuid+6, 15, 27, 48, 3, 0, 'Portal Master - Level req'),
(15, @menuid+6, 14, 27, 45, 3, 0, 'Portal Master - Level req'),
(15, @menuid+6, 13, 27, 40, 3, 0, 'Portal Master - Level req'),
(15, @menuid+6, 12, 27, 40, 3, 0, 'Portal Master - Level req'),
(15, @menuid+6, 11, 27, 35, 3, 0, 'Portal Master - Level req'),
(15, @menuid+6, 10, 27, 30, 3, 0, 'Portal Master - Level req'),
(15, @menuid+6, 9, 27, 25, 3, 0, 'Portal Master - Level req'),
(15, @menuid+6, 8, 27, 18, 3, 0, 'Portal Master - Level req'),
(15, @menuid+6, 7, 27, 15, 3, 0, 'Portal Master - Level req'),
(15, @menuid+6, 6, 27, 10, 3, 0, 'Portal Master - Level req'),
(15, @menuid+6, 5, 27, 10, 3, 0, 'Portal Master - Level req'),
(15, @menuid+6, 4, 27, 15, 3, 0, 'Portal Master - Level req'),
(15, @menuid+5, 23, 27, 70, 3, 0, 'Portal Master - Level req'),
(15, @menuid+5, 22, 27, 53, 3, 0, 'Portal Master - Level req'),
(15, @menuid+5, 21, 27, 51, 3, 0, 'Portal Master - Level req'),
(15, @menuid+5, 20, 27, 50, 3, 0, 'Portal Master - Level req'),
(15, @menuid+5, 19, 27, 45, 3, 0, 'Portal Master - Level req'),
(15, @menuid+5, 18, 27, 43, 3, 0, 'Portal Master - Level req'),
(15, @menuid+5, 17, 27, 40, 3, 0, 'Portal Master - Level req'),
(15, @menuid+5, 16, 27, 35, 3, 0, 'Portal Master - Level req'),
(15, @menuid+5, 15, 27, 35, 3, 0, 'Portal Master - Level req'),
(15, @menuid+5, 14, 27, 30, 3, 0, 'Portal Master - Level req'),
(15, @menuid+5, 13, 27, 30, 3, 0, 'Portal Master - Level req'),
(15, @menuid+5, 12, 27, 30, 3, 0, 'Portal Master - Level req'),
(15, @menuid+5, 11, 27, 20, 3, 0, 'Portal Master - Level req'),
(15, @menuid+5, 10, 27, 20, 3, 0, 'Portal Master - Level req'),
(15, @menuid+5, 9, 27, 18, 3, 0, 'Portal Master - Level req'),
(15, @menuid+5, 8, 27, 15, 3, 0, 'Portal Master - Level req'),
(15, @menuid+5, 7, 27, 10, 3, 0, 'Portal Master - Level req'),
(15, @menuid+5, 6, 27, 10, 3, 0, 'Portal Master - Level req'),
(15, @menuid+5, 5, 27, 10, 3, 0, 'Portal Master - Level req'),
(15, @menuid+5, 4, 27, 10, 3, 0, 'Portal Master - Level req'),
(15, @menuid+4, 22, 27, 70, 3, 0, 'Portal Master - Level req'),
(15, @menuid+4, 21, 27, 57, 3, 0, 'Portal Master - Level req'),
(15, @menuid+4, 19, 27, 80, 3, 0, 'Portal Master - Level req'),
(15, @menuid+4, 18, 27, 80, 3, 0, 'Portal Master - Level req'),
(15, @menuid+4, 17, 27, 80, 3, 0, 'Portal Master - Level req'),
(15, @menuid+4, 16, 27, 80, 3, 0, 'Portal Master - Level req'),
(15, @menuid+4, 15, 27, 60, 3, 0, 'Portal Master - Level req'),
(15, @menuid+4, 14, 27, 67, 3, 0, 'Portal Master - Level req'),
(15, @menuid+4, 13, 27, 70, 3, 0, 'Portal Master - Level req'),
(15, @menuid+4, 12, 27, 60, 3, 0, 'Portal Master - Level req'),
(15, @menuid+4, 11, 27, 80, 3, 0, 'Portal Master - Level req'),
(15, @menuid+4, 10, 27, 80, 3, 0, 'Portal Master - Level req'),
(15, @menuid+4, 9, 27, 60, 3, 0, 'Portal Master - Level req'),
(15, @menuid+4, 8, 27, 70, 3, 0, 'Portal Master - Level req'),
(15, @menuid+4, 7, 27, 80, 3, 0, 'Portal Master - Level req'),
(15, @menuid+4, 6, 27, 70, 3, 0, 'Portal Master - Level req'),
(15, @menuid+4, 5, 27, 70, 3, 0, 'Portal Master - Level req'),
(15, @menuid+4, 4, 27, 80, 3, 0, 'Portal Master - Level req'),
(15, @menuid+4, 3, 27, 70, 3, 0, 'Portal Master - Level req'),
(15, @menuid+4, 2, 27, 70, 3, 0, 'Portal Master - Level req'),
(15, @menuid+4, 1, 27, 60, 3, 0, 'Portal Master - Level req'),
(15, @menuid+4, 0, 27, 70, 3, 0, 'Portal Master - Level req'),
(15, @menuid+3, 11, 27, 75, 3, 0, 'Portal Master - Level req'),
(15, @menuid+3, 10, 27, 69, 3, 0, 'Portal Master - Level req'),
(15, @menuid+3, 9, 27, 77, 3, 0, 'Portal Master - Level req'),
(15, @menuid+3, 8, 27, 79, 3, 0, 'Portal Master - Level req'),
(15, @menuid+3, 7, 27, 75, 3, 0, 'Portal Master - Level req'),
(15, @menuid+3, 6, 27, 71, 3, 0, 'Portal Master - Level req'),
(15, @menuid+3, 5, 27, 79, 3, 0, 'Portal Master - Level req'),
(15, @menuid+3, 4, 27, 71, 3, 0, 'Portal Master - Level req'),
(15, @menuid+3, 3, 27, 74, 3, 0, 'Portal Master - Level req'),
(15, @menuid+3, 2, 27, 79, 3, 0, 'Portal Master - Level req'),
(15, @menuid+3, 1, 27, 79, 3, 0, 'Portal Master - Level req'),
(15, @menuid+3, 0, 27, 73, 3, 0, 'Portal Master - Level req'),
(15, @menuid+2, 5, 27, 70, 3, 0, 'Portal Master - Level req'),
(15, @menuid+2, 4, 27, 70, 3, 0, 'Portal Master - Level req'),
(15, @menuid+2, 3, 27, 59, 3, 0, 'Portal Master - Level req'),
(15, @menuid+2, 2, 27, 62, 3, 0, 'Portal Master - Level req'),
(15, @menuid+2, 1, 27, 66, 3, 0, 'Portal Master - Level req'),
(15, @menuid+2, 0, 27, 64, 3, 0, 'Portal Master - Level req'),
(15, @menuid+1, 18, 27, 35, 3, 0, 'Portal Master - Level req'),
(15, @menuid+1, 17, 27, 37, 3, 0, 'Portal Master - Level req'),
(15, @menuid+1, 16, 27, 47, 3, 0, 'Portal Master - Level req'),
(15, @menuid+1, 15, 27, 55, 3, 0, 'Portal Master - Level req'),
(15, @menuid+1, 14, 27, 55, 3, 0, 'Portal Master - Level req'),
(15, @menuid+1, 13, 27, 45, 3, 0, 'Portal Master - Level req'),
(15, @menuid+1, 12, 27, 55, 3, 0, 'Portal Master - Level req'),
(15, @menuid+1, 11, 27, 57, 3, 0, 'Portal Master - Level req'),
(15, @menuid+1, 10, 27, 53, 3, 0, 'Portal Master - Level req'),
(15, @menuid+1, 9, 27, 21, 3, 0, 'Portal Master - Level req'),
(15, @menuid+1, 8, 27, 17, 3, 0, 'Portal Master - Level req'),
(15, @menuid+1, 7, 27, 18, 3, 0, 'Portal Master - Level req'),
(15, @menuid+1, 6, 27, 32, 3, 0, 'Portal Master - Level req'),
(15, @menuid+1, 5, 27, 24, 3, 0, 'Portal Master - Level req'),
(15, @menuid+1, 4, 27, 34, 3, 0, 'Portal Master - Level req'),
(15, @menuid+1, 3, 27, 15, 3, 0, 'Portal Master - Level req'),
(15, @menuid+1, 2, 27, 22, 3, 0, 'Portal Master - Level req'),
(15, @menuid+1, 1, 27, 17, 3, 0, 'Portal Master - Level req'),
(15, @menuid+1, 0, 27, 25, 3, 0, 'Portal Master - Level req'),
(15, @menuid, 20, 27, 57, 3, 0, 'Portal Master - Level req'),
(15, @menuid, 19, 27, 69, 3, 0, 'Portal Master - Level req'),
(15, @menuid, 18, 27, 59, 3, 0, 'Portal Master - Level req'),
(15, @menuid, 17, 27, 15, 3, 0, 'Portal Master - Level req'),
(15, @menuid, 16, 27, 68, 3, 0, 'Portal Master - Level req'),
(15, @menuid, 15, 27, 58, 3, 0, 'Portal Master - Level req'),
(15, @menuid, 12, 27, 30, 3, 0, 'Portal Master - Level req'),
(15, @menuid, 11, 27, 30, 3, 0, 'Portal Master - Level req'),
(15, @menuid, 10, 27, 57, 3, 0, 'Portal Master - Level req'),
(15, @menuid, 9, 27, 67, 3, 0, 'Portal Master - Level req');
 
INSERT INTO gossip_menu_option (`MenuID`, `OptionID`, `OptionIcon`, `OptionText`, `OptionType`, `OptionNpcFlag`, `ActionMenuID`, `ActionPoiID`, `BoxCoded`, `BoxMoney`, `BoxText`) VALUES
(@menuid, 1, 2, 'Штормград', 1, 1, @menuid, 0, 0, 0, 'Вы уверены, что вы хотите попасть в Штормград?'),
(@menuid, 2, 2, 'Оргриммар', 1, 1, @menuid, 0, 0, 0, 'Вы уверены, что вы хотите попасть в Оргриммар?'),
(@menuid, 3, 2, 'Дарнас', 1, 1, @menuid, 0, 0, 0, 'Вы уверены, что вы хотите попасть в Дарнас?'),
(@menuid, 4, 2, 'Стальгорн', 1, 1, @menuid, 0, 0, 0, 'Вы уверены, что вы хотите попасть в Стальгорн?'),
(@menuid, 5, 2, 'Эксодар', 1, 1, @menuid, 0, 0, 0, 'Вы уверены, что вы хотите попасть в Эксодар?'),
(@menuid, 6, 2, 'Громовой утес', 1, 1, @menuid, 0, 0, 0, 'Вы уверены, что вы хотите попасть на Громовой утес?'),
(@menuid, 7, 2, 'Подгород', 1, 1, @menuid, 0, 0, 0, 'Вы уверены, что вы хотите попасть в Подгород?'),
(@menuid, 8, 2, 'Луносвет', 1, 1, @menuid, 0, 0, 0, 'Вы уверены, что вы хотите попасть в Луносвет?'),
(@menuid, 9, 2, 'Даларан', 1, 1, @menuid, 0, 0, 0, 'Вы уверены, что вы хотите попасть в Даларан?'),
(@menuid, 10, 2, 'Шаттрат', 1, 1, @menuid, 0, 0, 0, 'Вы уверены, что вы хотите попасть в Шаттрат?'),
(@menuid, 11, 2, 'Пиратская бухта', 1, 1, @menuid, 0, 0, 0, 'Вы уверены, что вы хотите попасть в Пиратскую бухту?'),
(@menuid, 12, 2, 'Арена Гурубаши', 1, 1, @menuid, 0, 0, 0, 'Вы уверены, что вы хотите попасть на Арену Гурубаши?'),
(@menuid, 13, 3, 'Восточные королевства', 1, 1, @menuid+5, 0, 0, 0, NULL),
(@menuid, 14, 3, 'Калимдор', 1, 1, @menuid+6, 0, 0, 0, NULL),
(@menuid, 15, 3, 'Запределье', 1, 1, @menuid+7, 0, 0, 0, NULL),
(@menuid, 16, 3, 'Нордскол', 1, 1, @menuid+8, 0, 0, 0, NULL),
(@menuid, 17, 9, 'Классические подземелья', 1, 1, @menuid+1, 0, 0, 0, NULL),
(@menuid, 18, 9, 'Подземелья BC', 1, 1, @menuid+2, 0, 0, 0, NULL),
(@menuid, 19, 9, 'Подземелья WotLK', 1, 1, @menuid+3, 0, 0, 0, NULL),
(@menuid, 20, 9, 'Рейдовые телепоры', 1, 1, @menuid+4, 0, 0, 0, NULL),
(@menuid+1, 0, 2, 'Гномреган', 1, 1, 0, 0, 0, 0, 'Вы уверены, что вы хотите попасть в Гномреган?'),
(@menuid+1, 1, 2, 'Мертвые копи', 1, 1, 0, 0, 0, 0, 'Вы уверены, что вы хотите попасть в Мертвые копи?'),
(@menuid+1, 2, 2, 'Тюрьма', 1, 1, 0, 0, 0, 0, 'Вы уверены, что вы хотите попасть в Тюрьму?'),
(@menuid+1, 3, 2, 'Огненная пропасть', 1, 1, 0, 0, 0, 0, 'Вы уверены, что вы хотите попасть в Огненная пропасть?'),
(@menuid+1, 4, 2, 'Лабиринты Иглошкурых', 1, 1, 0, 0, 0, 0, 'Вы уверены, что вы хотите попасть в Лабиринты Иглошкурых?'),
(@menuid+1, 5, 2, 'Курганы иглошкурых', 1, 1, 0, 0, 0, 0, 'Вы уверены, что вы хотите попасть в Курганы иглошкурых?'),
(@menuid+1, 6, 2, 'Монастырь Алого ордена', 1, 1, 0, 0, 0, 0, 'Вы уверены, что вы хотите попасть в Монастырь Алого ордена?'),
(@menuid+1, 7, 2, 'Крепость Темного клыка', 1, 1, 0, 0, 0, 0, 'Вы уверены, что вы хотите попасть в Крепость Темного клыка?'),
(@menuid+1, 8, 2, 'Пещеры стенаний', 1, 1, 0, 0, 0, 0, 'Вы уверены, что вы хотите попасть в Пещеры стенаний?'),
(@menuid+1, 9, 2, 'Непроглядная пучина', 1, 1, 0, 0, 0, 0, 'Вы уверены, что вы хотите попасть в Непроглядную пучину?'),
(@menuid+1, 10, 2, 'Глубины Черной горы', 1, 1, 0, 0, 0, 0, 'Вы уверены, что вы хотите попасть в Глубины Черной горы?'),
(@menuid+1, 11, 2, 'Пик Черной горы', 1, 1, 0, 0, 0, 0, 'Вы уверены, что вы хотите попасть на Пик Черной горы?'),
(@menuid+1, 12, 2, 'Забытый Город', 1, 1, 0, 0, 0, 0, 'Вы уверены, что вы хотите попасть в Забытый город?'),
(@menuid+1, 13, 2, 'Мародон', 1, 1, 0, 0, 0, 0, 'Вы уверены, что вы хотите попасть в Мародон?'),
(@menuid+1, 14, 2, 'Некроситет', 1, 1, 0, 0, 0, 0, 'Вы уверены, что вы хотите попасть в Некроситет?'),
(@menuid+1, 15, 2, 'Стратхольм', 1, 1, 0, 0, 0, 0, 'Вы уверены, что вы хотите попасть в Стратхольм?'),
(@menuid+1, 16, 2, 'Храм Атал\'Хаккара', 1, 1, 0, 0, 0, 0, 'Вы уверены, что вы хотите попасть в Храм Атал\'Хаккара?'),
(@menuid+1, 17, 2, 'Ульдаман', 1, 1, 0, 0, 0, 0, 'Вы уверены, что вы хотите попасть в Ульдаман?'),
(@menuid+1, 18, 2, 'Зуль\'Фаррак', 1, 1, 0, 0, 0, 0, 'Вы уверены, что вы хотите попасть в Зуль\'Фаррак?'),
(@menuid+1, 19, 7, 'Назад..', 1, 1, @menuid, 0, 0, 0, NULL),
(@menuid+2, 0, 2, 'Аункидоин', 1, 1, 0, 0, 0, 0, 'Вы уверены, что вы хотите попасть в Аункидоин?'),
(@menuid+2, 1, 2, 'Пещеры времени', 1, 1, 0, 0, 0, 0, 'Вы уверены, что вы хотите попасть в Пещеры времени?'),
(@menuid+2, 2, 2, 'Резервуар Кривого клыка', 1, 1, 0, 0, 0, 0, 'Вы уверены, что вы хотите попасть в Резервуар Кривого клыка?'),
(@menuid+2, 3, 2, 'Цитадель Адского Пламени', 1, 1, 0, 0, 0, 0, 'Вы уверены, что вы хотите попасть в Цитадель Адского Пламени?'),
(@menuid+2, 4, 2, 'Терраса Магистров', 1, 1, 0, 0, 0, 0, 'Вы уверены, что вы хотите попасть на Террасу Магистров?'),
(@menuid+2, 5, 2, 'Крепость Бурь', 1, 1, 0, 0, 0, 0, 'Вы уверены, что вы хотите попасть в Крепость Бурь?'),
(@menuid+2, 6, 7, 'Назад..', 1, 1, @menuid, 0, 0, 0, NULL),
(@menuid+3, 0, 2, 'Азжол-Неруб', 1, 1, 0, 0, 0, 0, 'Вы уверены, что вы хотите попасть в Азжол-Неруб?'),
(@menuid+3, 1, 2, 'Пещеры времени: Очищение Стратхольма', 1, 1, 0, 0, 0, 0, 'Вы уверены, что вы хотите попасть в Пещеры времени: Очищение Стратхольма?'),
(@menuid+3, 2, 2, 'Испытание Чемпиона', 1, 1, 0, 0, 0, 0, 'Вы уверены, что вы хотите попасть на Испытание Чемпиона?'),
(@menuid+3, 3, 2, 'Крепость Драк\'Тарон', 1, 1, 0, 0, 0, 0, 'Вы уверены, что вы хотите попасть в Крепость Драк\'Тарон?'),
(@menuid+3, 4, 2, 'Гундрак', 1, 1, 0, 0, 0, 0, 'Вы уверены, что вы хотите попасть в Гундрак?'),
(@menuid+3, 5, 2, 'Подземелья Ледяной Короны', 1, 1, 0, 0, 0, 0, 'Вы уверены, что вы хотите попасть в Подземелья Ледяной Короны?'),
(@menuid+3, 6, 2, 'Нексус', 1, 1, 0, 0, 0, 0, 'Вы уверены, что вы хотите попасть в Нексус?'),
(@menuid+3, 7, 2, 'Аметистовая крепость', 1, 1, 0, 0, 0, 0, 'Вы уверены, что вы хотите попасть в Аметистовую крепость?'),
(@menuid+3, 8, 2, 'Чертоги молний', 1, 1, 0, 0, 0, 0, 'Вы уверены, что вы хотите попасть в Чертоги молний?'),
(@menuid+3, 9, 2, 'Чертоги камня', 1, 1, 0, 0, 0, 0, 'Вы уверены, что вы хотите попасть в Чертоги камня?'),
(@menuid+3, 10, 2, 'Крепость Утгард', 1, 1, 0, 0, 0, 0, 'Вы уверены, что вы хотите попасть в Крепость Утгард?'),
(@menuid+3, 11, 2, 'Вершина Утгард', 1, 1, 0, 0, 0, 0, 'Вы уверены, что вы хотите попасть на Вершину Утгард?'),
(@menuid+3, 12, 7, 'Назад..', 1, 1, @menuid, 0, 0, 0, NULL),
(@menuid+4, 0, 2, 'Черный храм', 1, 1, 0, 0, 0, 0, 'Вы уверены, что вы хотите попасть в Черный храм?'),
(@menuid+4, 1, 2, 'Логово крыла тьмы', 1, 1, 0, 0, 0, 0, 'Вы уверены, что вы хотите попасть в Логово крыла тьмы?'),
(@menuid+4, 2, 2, 'Вершина Хиджала', 1, 1, 0, 0, 0, 0, 'Вы уверены, что вы хотите попасть на Вершину Хиджала?'),
(@menuid+4, 3, 2, 'Змеиное святилище', 1, 1, 0, 0, 0, 0, 'Вы уверены, что вы хотите попасть в Змеиное святилище?'),
(@menuid+4, 4, 2, 'Испытание крестоносца', 1, 1, 0, 0, 0, 0, 'Вы уверены, что вы хотите попасть на Испытание крестоносца?'),
(@menuid+4, 5, 2, 'Логово Груула', 1, 1, 0, 0, 0, 0, 'Вы уверены, что вы хотите попасть в Логово Груула?'),
(@menuid+4, 6, 2, 'Логово Матгеридона', 1, 1, 0, 0, 0, 0, 'Вы уверены, что вы хотите попасть в Логово Матгеридона?'),
(@menuid+4, 7, 2, 'Цитадель Ледяной Короны', 1, 1, 0, 0, 0, 0, 'Вы уверены, что вы хотите попасть в Цитадель Ледяной Короны?'),
(@menuid+4, 8, 2, 'Каражан', 1, 1, 0, 0, 0, 0, 'Вы уверены, что вы хотите попасть в Каражан?'),
(@menuid+4, 9, 2, 'Огненные недра', 1, 1, 0, 0, 0, 0, 'Вы уверены, что вы хотите попасть в Огненные недра?'),
(@menuid+4, 10, 2, 'Наксрамас', 1, 1, 0, 0, 0, 0, 'Вы уверены, что вы хотите попасть в Наксрамас?'),
(@menuid+4, 11, 2, 'Логово Ониксии', 1, 1, 0, 0, 0, 0, 'Вы уверены, что вы хотите попасть в Логово Ониксии?'),
(@menuid+4, 12, 2, 'Руины Ан\'Киража', 1, 1, 0, 0, 0, 0, 'Вы уверены, что вы хотите попасть в Руины Ан\'Киража?'),
(@menuid+4, 13, 2, 'Плато солнечного колодца', 1, 1, 0, 0, 0, 0, 'Вы уверены, что вы хотите попасть на Плато солнечного колодца?'),
(@menuid+4, 14, 2, 'Око', 1, 1, 0, 0, 0, 0, 'Вы уверены, что вы хотите попасть в Око?'),
(@menuid+4, 15, 2, 'Храм Ан\'Кираж', 1, 1, 0, 0, 0, 0, 'Вы уверены, что вы хотите попасть в Храм Ан\'Кираж?'),
(@menuid+4, 16, 2, 'Око вечности', 1, 1, 0, 0, 0, 0, 'Вы уверены, что вы хотите попасть в Око вечности?'),
(@menuid+4, 17, 2, 'Обсидиановое святилище', 1, 1, 0, 0, 0, 0, 'Вы уверены, что вы хотите попасть в Обсидиановое святилище?'),
(@menuid+4, 18, 2, 'Ульдуар', 1, 1, 0, 0, 0, 0, 'Вы уверены, что вы хотите попасть в Ульдуар?'),
(@menuid+4, 19, 2, 'Склеп Аркавона', 1, 1, 0, 0, 0, 0, 'Вы уверены, что вы хотите попасть в Склеп Аркавона?'),
(@menuid+4, 21, 2, 'Зул\'Гуруб', 1, 1, 0, 0, 0, 0, 'Вы уверены, что вы хотите попасть в Зул\'Гуруб?'),
(@menuid+4, 22, 2, 'Зул\'Аман', 1, 1, 0, 0, 0, 0, 'Вы уверены, что вы хотите попасть в Зул\'Аман?'),
(@menuid+4, 23, 7, 'Назад..', 1, 1, @menuid, 0, 0, 0, NULL),
(@menuid+5, 0, 2, 'Элвиннский Лес', 1, 1, 0, 0, 0, 0, 'Вы уверены, что вы хотите попасть в Элвиннский Лес?'),
(@menuid+5, 1, 2, 'Леса Вечной Песни', 1, 1, 0, 0, 0, 0, 'Вы уверены, что вы хотите попасть в Леса Вечной Песни?'),
(@menuid+5, 2, 2, 'Дун Морог', 1, 1, 0, 0, 0, 0, 'Вы уверены, что вы хотите попасть в Дун Морог?'),
(@menuid+5, 3, 2, 'Тирисфальские Леса', 1, 1, 0, 0, 0, 0, 'Вы уверены, что вы хотите попасть в Тирисфальские Леса?'),
(@menuid+5, 4, 2, 'Призрачные Земли', 1, 1, 0, 0, 0, 0, 'Вы уверены, что вы хотите попасть в Призрачные Земли?'),
(@menuid+5, 5, 2, 'Лок Модан', 1, 1, 0, 0, 0, 0, 'Вы уверены, что вы хотите попасть в Лок Модан?'),
(@menuid+5, 6, 2, 'Серебрянный Бор', 1, 1, 0, 0, 0, 0, 'Вы уверены, что вы хотите попасть в Серебрянный Бор?'),
(@menuid+5, 7, 2, 'Западный край', 1, 1, 0, 0, 0, 0, 'Вы уверены, что вы хотите попасть в Западный край?'),
(@menuid+5, 8, 2, 'Красногорье', 1, 1, 0, 0, 0, 0, 'Вы уверены, что вы хотите попасть в Красногорье?'),
(@menuid+5, 9, 2, 'Темнолесье', 1, 1, 0, 0, 0, 0, 'Вы уверены, что вы хотите попасть в Темнолесье?'),
(@menuid+5, 10, 2, 'Предгорья Хилсбрада', 1, 1, 0, 0, 0, 0, 'Вы уверены, что вы хотите попасть в Предгорья Хилсбрада?'),
(@menuid+5, 11, 2, 'Болотина', 1, 1, 0, 0, 0, 0, 'Вы уверены, что вы хотите попасть в Болотину?'),
(@menuid+5, 12, 2, 'Альтеракские горы', 1, 1, 0, 0, 0, 0, 'Вы уверены, что вы хотите попасть в Альтеракские горы?'),
(@menuid+5, 13, 2, 'Нагорье Арати', 1, 1, 0, 0, 0, 0, 'Вы уверены, что вы хотите попасть на Нагорье Арати?'),
(@menuid+5, 14, 2, 'Тернистая долина', 1, 1, 0, 0, 0, 0, 'Вы уверены, что вы хотите попасть в Тернистую долину?'),
(@menuid+5, 15, 2, 'Бесплодные земли', 1, 1, 0, 0, 0, 0, 'Вы уверены, что вы хотите попасть в Бесплодные земли?'),
(@menuid+5, 16, 2, 'Болото печали', 1, 1, 0, 0, 0, 0, 'Вы уверены, что вы хотите попасть на Болото печали?'),
(@menuid+5, 17, 2, 'Внутренние земли', 1, 1, 0, 0, 0, 0, 'Вы уверены, что вы хотите попасть во Внутренние земли?'),
(@menuid+5, 18, 2, 'Тлеющее ущелье', 1, 1, 0, 0, 0, 0, 'Вы уверены, что вы хотите попасть в Тлеющее ущелье?'),
(@menuid+5, 19, 2, 'Выжженные земли', 1, 1, 0, 0, 0, 0, 'Вы уверены, что вы хотите попасть на Выжженные земли?'),
(@menuid+5, 20, 2, 'Пылающие степи', 1, 1, 0, 0, 0, 0, 'Вы уверены, что вы хотите попасть в Пылающие степи?'),
(@menuid+5, 21, 2, 'Западные Чумные земли', 1, 1, 0, 0, 0, 0, 'Вы уверены, что вы хотите попасть в Западные Чумные земли?'),
(@menuid+5, 22, 2, 'Восточные Чумные земли', 1, 1, 0, 0, 0, 0, 'Вы уверены, что вы хотите попасть в Восточные Чумные земли?'),
(@menuid+5, 23, 2, 'Остров Кель\'Данас', 1, 1, 0, 0, 0, 0, 'Вы уверены, что вы хотите попасть на Остров Кель\'Данас?'),
(@menuid+5, 24, 7, 'Назад..', 1, 1, @menuid, 0, 0, 0, NULL),
(@menuid+6, 0, 2, 'Остров лазурной дымки', 1, 1, 0, 0, 0, 0, 'Вы уверены, что вы хотите попасть на Остров лазурной дымки?'),
(@menuid+6, 1, 2, 'Тельдрассил', 1, 1, 0, 0, 0, 0, 'Вы уверены, что вы хотите попасть в Тельдрассил?'),
(@menuid+6, 2, 2, 'Дуротар', 1, 1, 0, 0, 0, 0, 'Вы уверены, что вы хотите попасть в Дуротар?'),
(@menuid+6, 3, 2, 'Мулгор', 1, 1, 0, 0, 0, 0, 'Вы уверены, что вы хотите попасть в Мулгор?'),
(@menuid+6, 4, 2, 'Остров кровавой дымки', 1, 1, 0, 0, 0, 0, 'Вы уверены, что вы хотите попасть на Остров кровавой дымки?'),
(@menuid+6, 5, 2, 'Темные берега', 1, 1, 0, 0, 0, 0, 'Вы уверены, что вы хотите попасть на Темные берега?'),
(@menuid+6, 6, 2, 'Степи', 1, 1, 0, 0, 0, 0, 'Вы уверены, что вы хотите попасть в Степи?'),
(@menuid+6, 7, 2, 'Когтистые горы', 1, 1, 0, 0, 0, 0, 'Вы уверены, что вы хотите попасть на Когтистые горы?'),
(@menuid+6, 8, 2, 'Ясеневый лес', 1, 1, 0, 0, 0, 0, 'Вы уверены, что вы хотите попасть в Ясеневый лес?'),
(@menuid+6, 9, 2, 'Тысяча игл', 1, 1, 0, 0, 0, 0, 'Вы уверены, что вы хотите попасть в Тысяча игл?'),
(@menuid+6, 10, 2, 'Пустоши', 1, 1, 0, 0, 0, 0, 'Вы уверены, что вы хотите попасть в Пустоши?'),
(@menuid+6, 11, 2, 'Пылевые топи', 1, 1, 0, 0, 0, 0, 'Вы уверены, что вы хотите попасть в Пылевые топи?'),
(@menuid+6, 12, 2, 'Фералас', 1, 1, 0, 0, 0, 0, 'Вы уверены, что вы хотите попасть в Фералас?'),
(@menuid+6, 13, 2, 'Танарис', 1, 1, 0, 0, 0, 0, 'Вы уверены, что вы хотите попасть в Танарис?'),
(@menuid+6, 14, 2, 'Азшара', 1, 1, 0, 0, 0, 0, 'Вы уверены, что вы хотите попасть в Азшару?'),
(@menuid+6, 15, 2, 'Оскверненный лес', 1, 1, 0, 0, 0, 0, 'Вы уверены, что вы хотите попасть в Оскверненный лес?'),
(@menuid+6, 16, 2, 'Кратер Ун\'Горо', 1, 1, 0, 0, 0, 0, 'Вы уверены, что вы хотите попасть в Кратер Ун\'Горо?'),
(@menuid+6, 17, 2, 'Силитус', 1, 1, 0, 0, 0, 0, 'Вы уверены, что вы хотите попасть в Силитус?'),
(@menuid+6, 18, 2, 'Зимние ключи', 1, 1, 0, 0, 0, 0, 'Вы уверены, что вы хотите попасть на Зимние ключи?'),
(@menuid+6, 19, 7, 'Назад..', 1, 1, @menuid, 0, 0, 0, NULL),
(@menuid+7, 0, 2, 'Полуостров Адского пламени', 1, 1, 0, 0, 0, 0, 'Вы уверены, что вы хотите попасть на Полуостров Адского пламени?'),
(@menuid+7, 1, 2, 'Зангартопь', 1, 1, 0, 0, 0, 0, 'Вы уверены, что вы хотите попасть в Зангартопь?'),
(@menuid+7, 2, 2, 'Лес Тероккар', 1, 1, 0, 0, 0, 0, 'Вы уверены, что вы хотите попасть в Лес Тероккар?'),
(@menuid+7, 3, 2, 'Награнд', 1, 1, 0, 0, 0, 0, 'Вы уверены, что вы хотите попасть в Награнд?'),
(@menuid+7, 4, 2, 'Острогорье', 1, 1, 0, 0, 0, 0, 'Вы уверены, что вы хотите попасть в Острогорье?'),
(@menuid+7, 5, 2, 'Пустоверть', 1, 1, 0, 0, 0, 0, 'Вы уверены, что вы хотите попасть в Пустоверть?'),
(@menuid+7, 6, 2, 'Долина призрачной луны', 1, 1, 0, 0, 0, 0, 'Вы уверены, что вы хотите попасть в Долину призрачной луны?'),
(@menuid+7, 7, 7, 'Назад..', 1, 1, @menuid, 0, 0, 0, NULL),
(@menuid+8, 0, 2, 'Борейская тундра', 1, 1, 0, 0, 0, 0, 'Вы уверены, что вы хотите попасть в Борейскую тундру?'),
(@menuid+8, 1, 2, 'Ревущий фьорд', 1, 1, 0, 0, 0, 0, 'Вы уверены, что вы хотите попасть в Ревущий фьорд?'),
(@menuid+8, 2, 2, 'Драконий погост', 1, 1, 0, 0, 0, 0, 'Вы уверены, что вы хотите попасть на Драконий погост?'),
(@menuid+8, 3, 2, 'Седые холмы', 1, 1, 0, 0, 0, 0, 'Вы уверены, что вы хотите попасть на Седые холмы?'),
(@menuid+8, 4, 2, 'Зул\'Драк', 1, 1, 0, 0, 0, 0, 'Вы уверены, что вы хотите попасть в Зул\'Драк?'),
(@menuid+8, 5, 2, 'Низина Шолазар', 1, 1, 0, 0, 0, 0, 'Вы уверены, что вы хотите попасть в Низина Шолазар?'),
(@menuid+8, 6, 2, 'Хрустальная песня', 1, 1, 0, 0, 0, 0, 'Вы уверены, что вы хотите попасть в Хрустальная песня?'),
(@menuid+8, 7, 2, 'Грозовая гряда', 1, 1, 0, 0, 0, 0, 'Вы уверены, что вы хотите попасть в Грозовую гряду?'),
(@menuid+8, 8, 2, 'Ледяная корона', 1, 1, 0, 0, 0, 0, 'Вы уверены, что вы хотите попасть в Ледяную корону?'),
(@menuid+8, 9, 2, 'Озеро ледяных оков', 1, 1, 0, 0, 0, 0, 'Вы уверены, что вы хотите попасть на Озеро ледяных оков?'),
(@menuid+8, 10, 7, 'Назад..', 1, 1, @menuid, 0, 0, 0, NULL);
 
 
INSERT INTO `smart_scripts` (`entryorguid`, `source_type`, `id`, `link`, `event_type`, `event_phase_mask`, `event_chance`, `event_flags`, `event_param1`, `event_param2`, `event_param3`, `event_param4`, `event_param5`, `action_type`, `action_param1`, `action_param2`, `action_param3`, `action_param4`, `action_param5`, `action_param6`, `target_type`, `target_param1`, `target_param2`, `target_param3`, `target_param4`, `target_x`, `target_y`, `target_z`, `target_o`, `comment`) VALUES 
(@entry, 0, 1, 0, 62, 0, 100, 0, @menuid, 1, 0, 0, 0, 62, 0, 0, 0, 0, 0, 0, 7, 0, 0, 0, 0, -8842.09, 626.358, 94.0867, 3.61363, 'Teleporter script'),
(@entry, 0, 2, 0, 62, 0, 100, 0, @menuid, 2, 0, 0, 0, 62, 1, 0, 0, 0, 0, 0, 7, 0, 0, 0, 0, 1601.08, -4378.69, 9.9846, 2.14362, 'Teleporter script'),
(@entry, 0, 3, 0, 62, 0, 100, 0, @menuid, 11, 0, 0, 0, 62, 0, 0, 0, 0, 0, 0, 7, 0, 0, 0, 0, -14281.9, 552.564, 8.90422, 0.860144, 'Teleporter script'),
(@entry, 0, 4, 0, 62, 0, 100, 0, @menuid, 10, 0, 0, 0, 62, 530, 0, 0, 0, 0, 0, 7, 0, 0, 0, 0, -1887.62, 5359.09, -12.4279, 4.40435, 'Teleporter script'),
(@entry, 0, 5, 0, 62, 0, 100, 0, @menuid, 9, 0, 0, 0, 62, 571, 0, 0, 0, 0, 0, 7, 0, 0, 0, 0, 5809.55, 503.975, 657.526, 2.38338, 'Teleporter script'),
(@entry, 0, 6, 0, 62, 0, 100, 0, @menuid, 12, 0, 0, 0, 62, 0, 0, 0, 0, 0, 0, 7, 0, 0, 0, 0, -13181.8, 339.356, 42.9805, 1.18013, 'Teleporter script'),
(@entry, 0, 7, 0, 62, 0, 100, 0, @menuid, 3, 0, 0, 0, 62, 1, 0, 0, 0, 0, 0, 7, 0, 0, 0, 0, 9869.91, 2493.58, 1315.88, 2.78897, 'Teleporter script'),
(@entry, 0, 8, 0, 62, 0, 100, 0, @menuid, 4, 0, 0, 0, 62, 0, 0, 0, 0, 0, 0, 7, 0, 0, 0, 0, -4900.47, -962.585, 501.455, 5.40538, 'Teleporter script'),
(@entry, 0, 9, 0, 62, 0, 100, 0, @menuid, 5, 0, 0, 0, 62, 530, 0, 0, 0, 0, 0, 7, 0, 0, 0, 0, -3864.92, -11643.7, -137.644, 5.50862, 'Teleporter script'),
(@entry, 0, 10, 0, 62, 0, 100, 0, @menuid, 6, 0, 0, 0, 62, 1, 0, 0, 0, 0, 0, 7, 0, 0, 0, 0, -1274.45, 71.8601, 128.159, 2.80623, 'Teleporter script'),
(@entry, 0, 11, 0, 62, 0, 100, 0, @menuid, 7, 0, 0, 0, 62, 0, 0, 0, 0, 0, 0, 7, 0, 0, 0, 0, 1633.75, 240.167, -43.1034, 6.26128, 'Teleporter script'),
(@entry, 0, 12, 0, 62, 0, 100, 0, @menuid, 8, 0, 0, 0, 62, 530, 0, 0, 0, 0, 0, 7, 0, 0, 0, 0, 9738.28, -7454.19, 13.5605, 0.043914, 'Teleporter script'),
(@entry, 0, 13, 0, 62, 0, 100, 0, @menuid+1, 0, 0, 0, 0, 62, 0, 0, 0, 0, 0, 0, 7, 0, 0, 0, 0, -5163.54, 925.423, 257.181, 1.57423, 'Teleporter script'),
(@entry, 0, 14, 0, 62, 0, 100, 0, @menuid+1, 1, 0, 0, 0, 62, 0, 0, 0, 0, 0, 0, 7, 0, 0, 0, 0, -11209.6, 1666.54, 24.6974, 1.42053, 'Teleporter script'),
(@entry, 0, 15, 0, 62, 0, 100, 0, @menuid+1, 2, 0, 0, 0, 62, 0, 0, 0, 0, 0, 0, 7, 0, 0, 0, 0, -8799.15, 832.718, 97.6348, 6.04085, 'Teleporter script'),
(@entry, 0, 16, 0, 62, 0, 100, 0, @menuid+1, 3, 0, 0, 0, 62, 1, 0, 0, 0, 0, 0, 7, 0, 0, 0, 0, 1811.78, -4410.5, -18.4704, 5.20165, 'Teleporter script'),
(@entry, 0, 17, 0, 62, 0, 100, 0, @menuid+1, 4, 0, 0, 0, 62, 1, 0, 0, 0, 0, 0, 7, 0, 0, 0, 0, -4657.3, -2519.35, 81.0529, 4.54808, 'Teleporter script'),
(@entry, 0, 18, 0, 62, 0, 100, 0, @menuid+1, 5, 0, 0, 0, 62, 1, 0, 0, 0, 0, 0, 7, 0, 0, 0, 0, -4470.28, -1677.77, 81.3925, 1.16302, 'Teleporter script'),
(@entry, 0, 19, 0, 62, 0, 100, 0, @menuid+1, 6, 0, 0, 0, 62, 0, 0, 0, 0, 0, 0, 7, 0, 0, 0, 0, 2873.15, -764.523, 160.332, 5.10447, 'Teleporter script'),
(@entry, 0, 20, 0, 62, 0, 100, 0, @menuid+1, 7, 0, 0, 0, 62, 0, 0, 0, 0, 0, 0, 7, 0, 0, 0, 0, -234.675, 1561.63, 76.8921, 1.24031, 'Teleporter script'),
(@entry, 0, 21, 0, 62, 0, 100, 0, @menuid+1, 8, 0, 0, 0, 62, 1, 0, 0, 0, 0, 0, 7, 0, 0, 0, 0, -731.607, -2218.39, 17.0281, 2.78486, 'Teleporter script'),
(@entry, 0, 22, 0, 62, 0, 100, 0, @menuid+1, 9, 0, 0, 0, 62, 1, 0, 0, 0, 0, 0, 7, 0, 0, 0, 0, 4249.99, 740.102, -25.671, 1.34062, 'Teleporter script'),
(@entry, 0, 23, 0, 62, 0, 100, 0, @menuid+1, 10, 0, 0, 0, 62, 0, 0, 0, 0, 0, 0, 7, 0, 0, 0, 0, -7179.34, -921.212, 165.821, 5.09599, 'Teleporter script'),
(@entry, 0, 24, 0, 62, 0, 100, 0, @menuid+1, 11, 0, 0, 0, 62, 0, 0, 0, 0, 0, 0, 7, 0, 0, 0, 0, -7527.05, -1226.77, 285.732, 5.29626, 'Teleporter script'),
(@entry, 0, 25, 0, 62, 0, 100, 0, @menuid+1, 12, 0, 0, 0, 62, 1, 0, 0, 0, 0, 0, 7, 0, 0, 0, 0, -3520.14, 1119.38, 161.025, 4.70454, 'Teleporter script'),
(@entry, 0, 26, 0, 62, 0, 100, 0, @menuid+1, 13, 0, 0, 0, 62, 1, 0, 0, 0, 0, 0, 7, 0, 0, 0, 0, -1421.42, 2907.83, 137.415, 1.70718, 'Teleporter script'),
(@entry, 0, 27, 0, 62, 0, 100, 0, @menuid+1, 14, 0, 0, 0, 62, 0, 0, 0, 0, 0, 0, 7, 0, 0, 0, 0, 1269.64, -2556.21, 93.6088, 0.620623, 'Teleporter script'),
(@entry, 0, 28, 0, 62, 0, 100, 0, @menuid+1, 15, 0, 0, 0, 62, 0, 0, 0, 0, 0, 0, 7, 0, 0, 0, 0, 3352.92, -3379.03, 144.782, 6.25978, 'Teleporter script'),
(@entry, 0, 29, 0, 62, 0, 100, 0, @menuid+1, 16, 0, 0, 0, 62, 0, 0, 0, 0, 0, 0, 7, 0, 0, 0, 0, -10177.9, -3994.9, -111.239, 6.01885, 'Teleporter script'),
(@entry, 0, 30, 0, 62, 0, 100, 0, @menuid+1, 17, 0, 0, 0, 62, 0, 0, 0, 0, 0, 0, 7, 0, 0, 0, 0, -6071.37, -2955.16, 209.782, 0.015708, 'Teleporter script'),
(@entry, 0, 31, 0, 62, 0, 100, 0, @menuid+1, 18, 0, 0, 0, 62, 1, 0, 0, 0, 0, 0, 7, 0, 0, 0, 0, -6801.19, -2893.02, 9.00388, 0.158639, 'Teleporter script'),
(@entry, 0, 32, 0, 62, 0, 100, 0, @menuid+2, 0, 0, 0, 0, 62, 530, 0, 0, 0, 0, 0, 7, 0, 0, 0, 0, -3324.49, 4943.45, -101.239, 4.63901, 'Teleporter script'),
(@entry, 0, 33, 0, 62, 0, 100, 0, @menuid+2, 1, 0, 0, 0, 62, 1, 0, 0, 0, 0, 0, 7, 0, 0, 0, 0, -8369.65, -4253.11, -204.272, -2.70526, 'Teleporter script'),
(@entry, 0, 34, 0, 62, 0, 100, 0, @menuid+2, 2, 0, 0, 0, 62, 530, 0, 0, 0, 0, 0, 7, 0, 0, 0, 0, 738.865, 6865.77, -69.4659, 6.27655, 'Teleporter script'),
(@entry, 0, 35, 0, 62, 0, 100, 0, @menuid+2, 3, 0, 0, 0, 62, 530, 0, 0, 0, 0, 0, 7, 0, 0, 0, 0, -347.29, 3089.82, 21.394, 5.68114, 'Teleporter script'),
(@entry, 0, 36, 0, 62, 0, 100, 0, @menuid+2, 4, 0, 0, 0, 62, 530, 0, 0, 0, 0, 0, 7, 0, 0, 0, 0, 12884.6, -7317.69, 65.5023, 4.799, 'Teleporter script'),
(@entry, 0, 37, 0, 62, 0, 100, 0, @menuid+2, 5, 0, 0, 0, 62, 530, 0, 0, 0, 0, 0, 7, 0, 0, 0, 0, 3100.48, 1536.49, 190.3, 4.62226, 'Teleporter script'),
(@entry, 0, 38, 0, 62, 0, 100, 0, @menuid+3, 0, 0, 0, 0, 62, 571, 0, 0, 0, 0, 0, 7, 0, 0, 0, 0, 3707.86, 2150.23, 36.76, 3.22, 'Teleporter script'),
(@entry, 0, 39, 0, 62, 0, 100, 0, @menuid+3, 1, 0, 0, 0, 62, 1, 0, 0, 0, 0, 0, 7, 0, 0, 0, 0, -8756.39, -4440.68, -199.489, 4.66289, 'Teleporter script'),
(@entry, 0, 40, 0, 62, 0, 100, 0, @menuid+3, 2, 0, 0, 0, 62, 571, 0, 0, 0, 0, 0, 7, 0, 0, 0, 0, 8590.95, 791.792, 558.235, 3.13127, 'Teleporter script'),
(@entry, 0, 41, 0, 62, 0, 100, 0, @menuid+3, 3, 0, 0, 0, 62, 571, 0, 0, 0, 0, 0, 7, 0, 0, 0, 0, 4765.59, -2038.24, 229.363, 0.887627, 'Teleporter script'),
(@entry, 0, 42, 0, 62, 0, 100, 0, @menuid+3, 4, 0, 0, 0, 62, 571, 0, 0, 0, 0, 0, 7, 0, 0, 0, 0, 6722.44, -4640.67, 450.632, 3.91123, 'Teleporter script'),
(@entry, 0, 43, 0, 62, 0, 100, 0, @menuid+3, 5, 0, 0, 0, 62, 571, 0, 0, 0, 0, 0, 7, 0, 0, 0, 0, 5643.16, 2028.81, 798.274, 4.60242, 'Teleporter script'),
(@entry, 0, 44, 0, 62, 0, 100, 0, @menuid+3, 6, 0, 0, 0, 62, 571, 0, 0, 0, 0, 0, 7, 0, 0, 0, 0, 3782.89, 6965.23, 105.088, 6.14194, 'Teleporter script'),
(@entry, 0, 45, 0, 62, 0, 100, 0, @menuid+3, 7, 0, 0, 0, 62, 571, 0, 0, 0, 0, 0, 7, 0, 0, 0, 0, 5693.08, 502.588, 652.672, 4.0229, 'Teleporter script'),
(@entry, 0, 46, 0, 62, 0, 100, 0, @menuid+3, 8, 0, 0, 0, 62, 571, 0, 0, 0, 0, 0, 7, 0, 0, 0, 0, 9136.52, -1311.81, 1066.29, 5.19113, 'Teleporter script'),
(@entry, 0, 47, 0, 62, 0, 100, 0, @menuid+3, 9, 0, 0, 0, 62, 571, 0, 0, 0, 0, 0, 7, 0, 0, 0, 0, 8922.12, -1009.16, 1039.56, 1.57044, 'Teleporter script'),
(@entry, 0, 48, 0, 62, 0, 100, 0, @menuid+3, 10, 0, 0, 0, 62, 571, 0, 0, 0, 0, 0, 7, 0, 0, 0, 0, 1203.41, -4868.59, 41.2486, 0.283237, 'Teleporter script'),
(@entry, 0, 49, 0, 62, 0, 100, 0, @menuid+3, 11, 0, 0, 0, 62, 571, 0, 0, 0, 0, 0, 7, 0, 0, 0, 0, 1267.24, -4857.3, 215.764, 3.22768, 'Teleporter script'),
(@entry, 0, 50, 0, 62, 0, 100, 0, @menuid+4, 0, 0, 0, 0, 62, 530, 0, 0, 0, 0, 0, 7, 0, 0, 0, 0, -3649.92, 317.469, 35.2827, 2.94285, 'Teleporter script'),
(@entry, 0, 51, 0, 62, 0, 100, 0, @menuid+4, 1, 0, 0, 0, 62, 229, 0, 0, 0, 0, 0, 7, 0, 0, 0, 0, 152.451, -474.881, 116.84, 0.001073, 'Teleporter script'),
(@entry, 0, 52, 0, 62, 0, 100, 0, @menuid+4, 2, 0, 0, 0, 62, 1, 0, 0, 0, 0, 0, 7, 0, 0, 0, 0, -8177.89, -4181.23, -167.552, 0.913338, 'Teleporter script'),
(@entry, 0, 53, 0, 62, 0, 100, 0, @menuid+4, 3, 0, 0, 0, 62, 530, 0, 0, 0, 0, 0, 7, 0, 0, 0, 0, 797.855, 6865.77, -65.4165, 0.005938, 'Teleporter script'),
(@entry, 0, 54, 0, 62, 0, 100, 0, @menuid+4, 4, 0, 0, 0, 62, 571, 0, 0, 0, 0, 0, 7, 0, 0, 0, 0, 8515.61, 714.153, 558.248, 1.57753, 'Teleporter script'),
(@entry, 0, 55, 0, 62, 0, 100, 0, @menuid+4, 5, 0, 0, 0, 62, 530, 0, 0, 0, 0, 0, 7, 0, 0, 0, 0, 3530.06, 5104.08, 3.50861, 5.51117, 'Teleporter script'),
(@entry, 0, 56, 0, 62, 0, 100, 0, @menuid+4, 6, 0, 0, 0, 62, 530, 0, 0, 0, 0, 0, 7, 0, 0, 0, 0, -336.411, 3130.46, -102.928, 5.20322, 'Teleporter script'),
(@entry, 0, 57, 0, 62, 0, 100, 0, @menuid+4, 7, 0, 0, 0, 62, 571, 0, 0, 0, 0, 0, 7, 0, 0, 0, 0, 5855.22, 2102.03, 635.991, 3.57899, 'Teleporter script'),
(@entry, 0, 58, 0, 62, 0, 100, 0, @menuid+4, 8, 0, 0, 0, 62, 0, 0, 0, 0, 0, 0, 7, 0, 0, 0, 0, -11118.9, -2010.33, 47.0819, 0.649895, 'Teleporter script'),
(@entry, 0, 59, 0, 62, 0, 100, 0, @menuid+4, 9, 0, 0, 0, 62, 230, 0, 0, 0, 0, 0, 7, 0, 0, 0, 0, 1126.64, -459.94, -102.535, 3.46095, 'Teleporter script'),
(@entry, 0, 60, 0, 62, 0, 100, 0, @menuid+4, 10, 0, 0, 0, 62, 571, 0, 0, 0, 0, 0, 7, 0, 0, 0, 0, 3668.72, -1262.46, 243.622, 4.785, 'Teleporter script'),
(@entry, 0, 61, 0, 62, 0, 100, 0, @menuid+4, 11, 0, 0, 0, 62, 1, 0, 0, 0, 0, 0, 7, 0, 0, 0, 0, -4708.27, -3727.64, 54.5589, 3.72786, 'Teleporter script'),
(@entry, 0, 62, 0, 62, 0, 100, 0, @menuid+4, 12, 0, 0, 0, 62, 1, 0, 0, 0, 0, 0, 7, 0, 0, 0, 0, -8409.82, 1499.06, 27.7179, 2.51868, 'Teleporter script'),
(@entry, 0, 63, 0, 62, 0, 100, 0, @menuid+4, 13, 0, 0, 0, 62, 530, 0, 0, 0, 0, 0, 7, 0, 0, 0, 0, 12574.1, -6774.81, 15.0904, 3.13788, 'Teleporter script'),
(@entry, 0, 64, 0, 62, 0, 100, 0, @menuid+4, 14, 0, 0, 0, 62, 530, 0, 0, 0, 0, 0, 7, 0, 0, 0, 0, 3088.49, 1381.57, 184.863, 4.61973, 'Teleporter script'),
(@entry, 0, 65, 0, 62, 0, 100, 0, @menuid+4, 15, 0, 0, 0, 62, 1, 0, 0, 0, 0, 0, 7, 0, 0, 0, 0, -8240.09, 1991.32, 129.072, 0.941603, 'Teleporter script'),
(@entry, 0, 66, 0, 62, 0, 100, 0, @menuid+4, 16, 0, 0, 0, 62, 571, 0, 0, 0, 0, 0, 7, 0, 0, 0, 0, 3784.17, 7028.84, 161.258, 5.79993, 'Teleporter script'),
(@entry, 0, 67, 0, 62, 0, 100, 0, @menuid+4, 17, 0, 0, 0, 62, 571, 0, 0, 0, 0, 0, 7, 0, 0, 0, 0, 3472.43, 264.923, -120.146, 3.27923, 'Teleporter script'),
(@entry, 0, 68, 0, 62, 0, 100, 0, @menuid+4, 18, 0, 0, 0, 62, 571, 0, 0, 0, 0, 0, 7, 0, 0, 0, 0, 9222.88, -1113.59, 1216.12, 6.27549, 'Teleporter script'),
(@entry, 0, 69, 0, 62, 0, 100, 0, @menuid+4, 19, 0, 0, 0, 62, 571, 0, 0, 0, 0, 0, 7, 0, 0, 0, 0, 5453.72, 2840.79, 421.28, 0, 'Teleporter script'),
(@entry, 0, 70, 0, 62, 0, 100, 0, @menuid+4, 21, 0, 0, 0, 62, 0, 0, 0, 0, 0, 0, 7, 0, 0, 0, 0, -11916.7, -1215.72, 92.289, 4.72454, 'Teleporter script'),
(@entry, 0, 71, 0, 62, 0, 100, 0, @menuid+4, 22, 0, 0, 0, 62, 530, 0, 0, 0, 0, 0, 7, 0, 0, 0, 0, 6851.78, -7972.57, 179.242, 4.64691, 'Teleporter script'),
(@entry, 0, 72, 0, 62, 0, 100, 0, @menuid+5, 0, 0, 0, 0, 62, 0, 0, 0, 0, 0, 0, 7, 0, 0, 0, 0, -9449.06, 64.8392, 56.3581, 3.07047, 'Teleporter script'),
(@entry, 0, 73, 0, 62, 0, 100, 0, @menuid+5, 1, 0, 0, 0, 62, 530, 0, 0, 0, 0, 0, 7, 0, 0, 0, 0, 9024.37, -6682.55, 16.8973, 3.14131, 'Teleporter script'),
(@entry, 0, 74, 0, 62, 0, 100, 0, @menuid+5, 2, 0, 0, 0, 62, 0, 0, 0, 0, 0, 0, 7, 0, 0, 0, 0, -5603.76, -482.704, 396.98, 5.23499, 'Teleporter script'),
(@entry, 0, 75, 0, 62, 0, 100, 0, @menuid+5, 3, 0, 0, 0, 62, 0, 0, 0, 0, 0, 0, 7, 0, 0, 0, 0, 2274.95, 323.918, 34.1137, 4.24367, 'Teleporter script'),
(@entry, 0, 76, 0, 62, 0, 100, 0, @menuid+5, 4, 0, 0, 0, 62, 530, 0, 0, 0, 0, 0, 7, 0, 0, 0, 0, 7595.73, -6819.6, 84.3718, 2.56561, 'Teleporter script'),
(@entry, 0, 77, 0, 62, 0, 100, 0, @menuid+5, 5, 0, 0, 0, 62, 0, 0, 0, 0, 0, 0, 7, 0, 0, 0, 0, -5405.85, -2894.15, 341.972, 5.48238, 'Teleporter script'),
(@entry, 0, 78, 0, 62, 0, 100, 0, @menuid+5, 6, 0, 0, 0, 62, 0, 0, 0, 0, 0, 0, 7, 0, 0, 0, 0, 505.126, 1504.63, 124.808, 1.77987, 'Teleporter script'),
(@entry, 0, 79, 0, 62, 0, 100, 0, @menuid+5, 7, 0, 0, 0, 62, 0, 0, 0, 0, 0, 0, 7, 0, 0, 0, 0, -10684.9, 1033.63, 32.5389, 6.07384, 'Teleporter script'),
(@entry, 0, 80, 0, 62, 0, 100, 0, @menuid+5, 8, 0, 0, 0, 62, 0, 0, 0, 0, 0, 0, 7, 0, 0, 0, 0, -9447.8, -2270.85, 71.8224, 0.283853, 'Teleporter script'),
(@entry, 0, 81, 0, 62, 0, 100, 0, @menuid+5, 9, 0, 0, 0, 62, 0, 0, 0, 0, 0, 0, 7, 0, 0, 0, 0, -10531.7, -1281.91, 38.8647, 1.56959, 'Teleporter script'),
(@entry, 0, 82, 0, 62, 0, 100, 0, @menuid+5, 10, 0, 0, 0, 62, 0, 0, 0, 0, 0, 0, 7, 0, 0, 0, 0, -385.805, -787.954, 54.6655, 1.03926, 'Teleporter script'),
(@entry, 0, 83, 0, 62, 0, 100, 0, @menuid+5, 11, 0, 0, 0, 62, 0, 0, 0, 0, 0, 0, 7, 0, 0, 0, 0, -3517.75, -913.401, 8.86625, 2.60705, 'Teleporter script'),
(@entry, 0, 84, 0, 62, 0, 100, 0, @menuid+5, 12, 0, 0, 0, 62, 0, 0, 0, 0, 0, 0, 7, 0, 0, 0, 0, 275.049, -652.044, 130.296, 0.502032, 'Teleporter script'),
(@entry, 0, 85, 0, 62, 0, 100, 0, @menuid+5, 13, 0, 0, 0, 62, 0, 0, 0, 0, 0, 0, 7, 0, 0, 0, 0, -1581.45, -2704.06, 35.4168, 0.490373, 'Teleporter script'),
(@entry, 0, 86, 0, 62, 0, 100, 0, @menuid+5, 14, 0, 0, 0, 62, 0, 0, 0, 0, 0, 0, 7, 0, 0, 0, 0, -11921.7, -59.544, 39.7262, 3.73574, 'Teleporter script'),
(@entry, 0, 87, 0, 62, 0, 100, 0, @menuid+5, 15, 0, 0, 0, 62, 0, 0, 0, 0, 0, 0, 7, 0, 0, 0, 0, -6782.56, -3128.14, 240.48, 5.65912, 'Teleporter script'),
(@entry, 0, 88, 0, 62, 0, 100, 0, @menuid+5, 16, 0, 0, 0, 62, 0, 0, 0, 0, 0, 0, 7, 0, 0, 0, 0, -10368.6, -2731.3, 21.6537, 5.29238, 'Teleporter script'),
(@entry, 0, 89, 0, 62, 0, 100, 0, @menuid+5, 17, 0, 0, 0, 62, 0, 0, 0, 0, 0, 0, 7, 0, 0, 0, 0, 112.406, -3929.74, 136.358, 0.981903, 'Teleporter script'),
(@entry, 0, 90, 0, 62, 0, 100, 0, @menuid+5, 18, 0, 0, 0, 62, 0, 0, 0, 0, 0, 0, 7, 0, 0, 0, 0, -6686.33, -1198.55, 240.027, 0.916887, 'Teleporter script'),
(@entry, 0, 91, 0, 62, 0, 100, 0, @menuid+5, 19, 0, 0, 0, 62, 0, 0, 0, 0, 0, 0, 7, 0, 0, 0, 0, -11184.7, -3019.31, 7.29238, 3.20542, 'Teleporter script'),
(@entry, 0, 92, 0, 62, 0, 100, 0, @menuid+5, 20, 0, 0, 0, 62, 0, 0, 0, 0, 0, 0, 7, 0, 0, 0, 0, -7979.78, -2105.72, 127.919, 5.10148, 'Teleporter script'),
(@entry, 0, 93, 0, 62, 0, 100, 0, @menuid+5, 21, 0, 0, 0, 62, 0, 0, 0, 0, 0, 0, 7, 0, 0, 0, 0, 1743.69, -1723.86, 59.6648, 5.23722, 'Teleporter script'),
(@entry, 0, 94, 0, 62, 0, 100, 0, @menuid+5, 22, 0, 0, 0, 62, 0, 0, 0, 0, 0, 0, 7, 0, 0, 0, 0, 2280.64, -5275.05, 82.0166, 4.7479, 'Teleporter script'),
(@entry, 0, 95, 0, 62, 0, 100, 0, @menuid+5, 23, 0, 0, 0, 62, 530, 0, 0, 0, 0, 0, 7, 0, 0, 0, 0, 12806.5, -6911.11, 41.1156, 2.22935, 'Teleporter script'),
(@entry, 0, 96, 0, 62, 0, 100, 0, @menuid+6, 0, 0, 0, 0, 62, 530, 0, 0, 0, 0, 0, 7, 0, 0, 0, 0, -4192.62, -12576.7, 36.7598, 1.62813, 'Teleporter script'),
(@entry, 0, 97, 0, 62, 0, 100, 0, @menuid+6, 1, 0, 0, 0, 62, 1, 0, 0, 0, 0, 0, 7, 0, 0, 0, 0, 9889.03, 915.869, 1307.43, 1.9336, 'Teleporter script'),
(@entry, 0, 98, 0, 62, 0, 100, 0, @menuid+6, 2, 0, 0, 0, 62, 1, 0, 0, 0, 0, 0, 7, 0, 0, 0, 0, 228.978, -4741.87, 10.1027, 0.416883, 'Teleporter script'),
(@entry, 0, 99, 0, 62, 0, 100, 0, @menuid+6, 3, 0, 0, 0, 62, 1, 0, 0, 0, 0, 0, 7, 0, 0, 0, 0, -2473.87, -501.225, -9.42465, 0.6525, 'Teleporter script'),
(@entry, 0, 100, 0, 62, 0, 100, 0, @menuid+6, 4, 0, 0, 0, 62, 530, 0, 0, 0, 0, 0, 7, 0, 0, 0, 0, -2095.7, -11841.1, 51.1557, 6.19288, 'Teleporter script'),
(@entry, 0, 101, 0, 62, 0, 100, 0, @menuid+6, 5, 0, 0, 0, 62, 1, 0, 0, 0, 0, 0, 7, 0, 0, 0, 0, 6463.25, 683.986, 8.92792, 4.33534, 'Teleporter script'),
(@entry, 0, 102, 0, 62, 0, 100, 0, @menuid+6, 6, 0, 0, 0, 62, 1, 0, 0, 0, 0, 0, 7, 0, 0, 0, 0, -575.772, -2652.45, 95.6384, 0.006469, 'Teleporter script'),
(@entry, 0, 103, 0, 62, 0, 100, 0, @menuid+6, 7, 0, 0, 0, 62, 1, 0, 0, 0, 0, 0, 7, 0, 0, 0, 0, 1574.89, 1031.57, 137.442, 3.8013, 'Teleporter script'),
(@entry, 0, 104, 0, 62, 0, 100, 0, @menuid+6, 8, 0, 0, 0, 62, 1, 0, 0, 0, 0, 0, 7, 0, 0, 0, 0, 1919.77, -2169.68, 94.6729, 6.14177, 'Teleporter script'),
(@entry, 0, 105, 0, 62, 0, 100, 0, @menuid+6, 9, 0, 0, 0, 62, 1, 0, 0, 0, 0, 0, 7, 0, 0, 0, 0, -5375.53, -2509.2, -40.432, 2.41885, 'Teleporter script'),
(@entry, 0, 106, 0, 62, 0, 100, 0, @menuid+6, 10, 0, 0, 0, 62, 1, 0, 0, 0, 0, 0, 7, 0, 0, 0, 0, -656.056, 1510.12, 88.3746, 3.29553, 'Teleporter script'),
(@entry, 0, 107, 0, 62, 0, 100, 0, @menuid+6, 11, 0, 0, 0, 62, 1, 0, 0, 0, 0, 0, 7, 0, 0, 0, 0, -3350.12, -3064.85, 33.0364, 5.12666, 'Teleporter script'),
(@entry, 0, 108, 0, 62, 0, 100, 0, @menuid+6, 12, 0, 0, 0, 62, 1, 0, 0, 0, 0, 0, 7, 0, 0, 0, 0, -4808.31, 1040.51, 103.769, 2.90655, 'Teleporter script'),
(@entry, 0, 109, 0, 62, 0, 100, 0, @menuid+6, 13, 0, 0, 0, 62, 1, 0, 0, 0, 0, 0, 7, 0, 0, 0, 0, -6940.91, -3725.7, 48.9381, 3.11174, 'Teleporter script'),
(@entry, 0, 110, 0, 62, 0, 100, 0, @menuid+6, 14, 0, 0, 0, 62, 1, 0, 0, 0, 0, 0, 7, 0, 0, 0, 0, 3117.12, -4387.97, 91.9059, 5.49897, 'Teleporter script'),
(@entry, 0, 111, 0, 62, 0, 100, 0, @menuid+6, 15, 0, 0, 0, 62, 1, 0, 0, 0, 0, 0, 7, 0, 0, 0, 0, 3898.8, -1283.33, 220.519, 6.24307, 'Teleporter script'),
(@entry, 0, 112, 0, 62, 0, 100, 0, @menuid+6, 16, 0, 0, 0, 62, 1, 0, 0, 0, 0, 0, 7, 0, 0, 0, 0, -6291.55, -1158.62, -258.138, 0.457099, 'Teleporter script'),
(@entry, 0, 113, 0, 62, 0, 100, 0, @menuid+6, 17, 0, 0, 0, 62, 1, 0, 0, 0, 0, 0, 7, 0, 0, 0, 0, -6815.25, 730.015, 40.9483, 2.39066, 'Teleporter script'),
(@entry, 0, 114, 0, 62, 0, 100, 0, @menuid+6, 18, 0, 0, 0, 62, 1, 0, 0, 0, 0, 0, 7, 0, 0, 0, 0, 6658.57, -4553.48, 718.019, 5.18088, 'Teleporter script'),
(@entry, 0, 115, 0, 62, 0, 100, 0, @menuid+7, 0, 0, 0, 0, 62, 530, 0, 0, 0, 0, 0, 7, 0, 0, 0, 0, -207.335, 2035.92, 96.464, 1.59676, 'Teleporter script'),
(@entry, 0, 116, 0, 62, 0, 100, 0, @menuid+7, 1, 0, 0, 0, 62, 530, 0, 0, 0, 0, 0, 7, 0, 0, 0, 0, -220.297, 5378.58, 23.3223, 1.61718, 'Teleporter script'),
(@entry, 0, 117, 0, 62, 0, 100, 0, @menuid+7, 2, 0, 0, 0, 62, 530, 0, 0, 0, 0, 0, 7, 0, 0, 0, 0, -2266.23, 4244.73, 1.47728, 3.68426, 'Teleporter script'),
(@entry, 0, 118, 0, 62, 0, 100, 0, @menuid+7, 3, 0, 0, 0, 62, 530, 0, 0, 0, 0, 0, 7, 0, 0, 0, 0, -1610.85, 7733.62, -17.2773, 1.33522, 'Teleporter script'),
(@entry, 0, 119, 0, 62, 0, 100, 0, @menuid+7, 4, 0, 0, 0, 62, 530, 0, 0, 0, 0, 0, 7, 0, 0, 0, 0, 2029.75, 6232.07, 133.495, 1.30395, 'Teleporter script'),
(@entry, 0, 120, 0, 62, 0, 100, 0, @menuid+7, 5, 0, 0, 0, 62, 530, 0, 0, 0, 0, 0, 7, 0, 0, 0, 0, 3271.2, 3811.61, 143.153, 3.44101, 'Teleporter script'),
(@entry, 0, 121, 0, 62, 0, 100, 0, @menuid+7, 6, 0, 0, 0, 62, 530, 0, 0, 0, 0, 0, 7, 0, 0, 0, 0, -3681.01, 2350.76, 76.587, 4.25995, 'Teleporter script'),
(@entry, 0, 122, 0, 62, 0, 100, 0, @menuid+8, 0, 0, 0, 0, 62, 571, 0, 0, 0, 0, 0, 7, 0, 0, 0, 0, 2954.24, 5379.13, 60.4538, 2.55544, 'Teleporter script'),
(@entry, 0, 123, 0, 62, 0, 100, 0, @menuid+8, 1, 0, 0, 0, 62, 571, 0, 0, 0, 0, 0, 7, 0, 0, 0, 0, 682.848, -3978.3, 230.161, 1.54207, 'Teleporter script'),
(@entry, 0, 124, 0, 62, 0, 100, 0, @menuid+8, 2, 0, 0, 0, 62, 571, 0, 0, 0, 0, 0, 7, 0, 0, 0, 0, 2678.17, 891.826, 4.37494, 0.101121, 'Teleporter script'),
(@entry, 0, 125, 0, 62, 0, 100, 0, @menuid+8, 3, 0, 0, 0, 62, 571, 0, 0, 0, 0, 0, 7, 0, 0, 0, 0, 4017.35, -3403.85, 290, 5.35431, 'Teleporter script'),
(@entry, 0, 126, 0, 62, 0, 100, 0, @menuid+8, 4, 0, 0, 0, 62, 571, 0, 0, 0, 0, 0, 7, 0, 0, 0, 0, 5560.23, -3211.66, 371.709, 5.55055, 'Teleporter script'),
(@entry, 0, 127, 0, 62, 0, 100, 0, @menuid+8, 5, 0, 0, 0, 62, 571, 0, 0, 0, 0, 0, 7, 0, 0, 0, 0, 5614.67, 5818.86, -69.722, 3.60807, 'Teleporter script'),
(@entry, 0, 128, 0, 62, 0, 100, 0, @menuid+8, 6, 0, 0, 0, 62, 571, 0, 0, 0, 0, 0, 7, 0, 0, 0, 0, 5411.17, -966.37, 167.082, 1.57167, 'Teleporter script'),
(@entry, 0, 129, 0, 62, 0, 100, 0, @menuid+8, 7, 0, 0, 0, 62, 571, 0, 0, 0, 0, 0, 7, 0, 0, 0, 0, 6120.46, -1013.89, 408.39, 5.12322, 'Teleporter script'),
(@entry, 0, 130, 0, 62, 0, 100, 0, @menuid+8, 8, 0, 0, 0, 62, 571, 0, 0, 0, 0, 0, 7, 0, 0, 0, 0, 8323.28, 2763.5, 655.093, 2.87223, 'Teleporter script'),
(@entry, 0, 131, 0, 62, 0, 100, 0, @menuid+8, 9, 0, 0, 0, 62, 571, 0, 0, 0, 0, 0, 7, 0, 0, 0, 0, 4522.23, 2828.01, 389.975, 0.215009, 'Teleporter script');

 
-- delete from creature WHERE ID = @entry;
 
-- ALTER TABLE creature AUTO_INCREMENT=200000;

INSERT INTO creature (`id`,`map`,`spawnMask`,`phaseMask`,`equipment_id`,`position_x`,`position_y`,`position_z`,`orientation`,`spawntimesecs`,`wander_distance`,`curhealth`,`curmana`) VALUES
(@entry, 0, 1, 1, 0, -13180.5, 342.503, 43.1936, 4.32977, 25, 0, 13700, 6540), 
(@entry, 530, 1, 1, 0, -3862.69, -11645.8, -137.629, 2.38273, 25, 0, 13700, 6540), 
(@entry, 0, 1, 1, 0, -4898.37, -965.118, 501.447, 2.25986, 25, 0, 13700, 6540), 
(@entry, 0, 1, 1, 0, -8845.09, 624.828, 94.2999, 0.44062, 25, 0, 13700, 6540), 
(@entry, 1, 1, 1, 0, 1599.25, -4375.85, 10.0872, 5.23641, 25, 0, 13700, 6540), 
(@entry, 1, 1, 1, 0, -1277.65, 72.9751, 128.742, 5.95567, 25, 0, 13700, 6540), 
(@entry, 0, 1, 1, 0, 1637.21, 240.132, -43.1034, 3.13147, 25, 0, 13700, 6540), 
(@entry, 530, 1, 1, 0, 9741.67, -7454.19, 13.5572, 3.14231, 25, 0, 13700, 6540), 
(@entry, 571, 1, 1, 0, 5807.06, 506.244, 657.576, 5.54461, 25, 0, 13700, 6540), 
(@entry, 1, 1, 1, 0, 9866.83, 2494.66, 1315.88, 5.9462, 25, 0, 13700, 6540), 
(@entry, 0, 1, 1, 0, -14279.8, 555.014, 8.90011, 3.97606, 25, 0, 13700, 6540), 
(@entry, 530, 1, 1, 0, -1888.65, 5355.88, -12.4279, 1.25883, 25, 0, 13700, 6540);
 
SET @RUNE := 194394;
 
-- delete from gameobject WHERE ID=@RUNE and guid > 199999;
 
-- ALTER TABLE gameobject AUTO_INCREMENT=200000;

INSERT INTO gameobject (`id`,`map`,`spawnMask`,`phaseMask`,`position_x`,`position_y`,`position_z`,`orientation`,`rotation2`,`rotation3`,`spawntimesecs`,`state`) VALUES
(@RUNE, 1, 1, 1, 1601.08, -4378.69, 9.9846, 2.14362, 0.878068, 0.478536, 25, 1), 
(@RUNE, 0, 1, 1, -14281.9, 552.564, 8.90382, 0.860144, 0.416936, 0.908936, 25, 1), 
(@RUNE, 0, 1, 1, -8842.09, 626.358, 94.0868, 3.61363, 0.972276, -0.233836, 25, 1), 
(@RUNE, 0, 1, 1, -4900.47, -962.585, 501.455, 5.40538, 0.424947, -0.905218, 25, 1), 
(@RUNE, 1, 1, 1, 9869.91, 2493.58, 1315.88, 5.9462, 0.167696, -0.985839, 25, 1), 
(@RUNE, 530, 1, 1, -3864.92, -11643.7, -137.644, 2.38273, 0.928875, 0.370392, 25, 1), 
(@RUNE, 530, 1, 1, -1887.62, 5359.09, -12.4279, 4.40435, 0.758205, 0.652017, 25, 1), 
(@RUNE, 571, 1, 1, 5809.55, 503.975, 657.526, 5.54461, 0.360952, -0.932584, 25, 1), 
(@RUNE, 530, 1, 1, 9738.28, -7454.19, 13.5605, 3.14231, 1, -0.000358625, 25, 1), 
(@RUNE, 0, 1, 1, 1633.75, 240.167, -43.1034, 3.13147, 0.999987, 0.00506132, 25, 1), 
(@RUNE, 0, 1, 1, -13181.8, 339.356, 42.9805, 1.18013, 0.556415, 0.830904, 25, 1), 
(@RUNE, 1, 1, 1, -1274.45, 71.8601, 128.159, 2.80623, 0.985974, 0.166898, 25, 1);
 
/*
Portal Master
By Rochet2
Downloaded from http://projectcode.zzl.org/
Bugs and contact with E-mail: Rochet2@post.com
Translated to Russian by ixnfo.com
*/